firmsize_rel,tailprob
1,0.103547
10,0.00876
100,0.000792
1000,0.0000548
10000,0.0000026
