firmsize_rel,tailprob
1,0.05812
10,0.002694
100,0.0001151
1000,0.00000136

